u,v,line_name,direction,time
324,135,1号线,往富锦路,2
135,324,1号线,往莘庄,2
135,326,1号线,往富锦路,2
326,135,1号线,往莘庄,2
326,373,1号线,往富锦路,2
373,326,1号线,往莘庄,2
373,16,1号线,往富锦路,2
16,373,1号线,往莘庄,3
16,279,1号线,往富锦路,2
279,16,1号线,往莘庄,2
279,13,1号线,往富锦路,2
13,279,1号线,往莘庄,2
13,183,1号线,往富锦路,2
183,13,1号线,往莘庄,2
183,342,1号线,往富锦路,2
342,183,1号线,往莘庄,2
342,168,1号线,往富锦路,3
168,342,1号线,往莘庄,3
168,388,1号线,往富锦路,2
388,168,1号线,往莘庄,2
388,2,1号线,往富锦路,3
2,388,1号线,往莘庄,2
2,71,1号线,往富锦路,2
71,2,1号线,往莘庄,2
71,198,1号线,往富锦路,2
198,71,1号线,往莘庄,3
198,244,1号线,往富锦路,2
244,198,1号线,往莘庄,2
244,23,1号线,往富锦路,2
23,244,1号线,往莘庄,3
23,49,1号线,往富锦路,2
49,23,1号线,往莘庄,3
49,178,1号线,往富锦路,3
178,49,1号线,往莘庄,3
178,28,1号线,往富锦路,3
28,178,1号线,往莘庄,3
28,254,1号线,往富锦路,3
254,28,1号线,往莘庄,2
254,182,1号线,往富锦路,2
182,254,1号线,往莘庄,2
182,78,1号线,往富锦路,3
78,182,1号线,往莘庄,3
78,354,1号线,往富锦路,3
354,78,1号线,往莘庄,2
354,115,1号线,往富锦路,2
115,354,1号线,往莘庄,3
115,77,1号线,往富锦路,3
77,115,1号线,往莘庄,2
77,158,1号线,往富锦路,3
158,77,1号线,往莘庄,2
158,102,1号线,往富锦路,2
102,158,1号线,往莘庄,2
102,161,1号线,往富锦路,2
161,102,1号线,往莘庄,3
339,126,2号线,往浦东1号2号航站楼,3
126,339,2号线,往蟠祥路·国家会计学院,3
126,333,2号线,往浦东1号2号航站楼,3
333,126,2号线,往蟠祥路·国家会计学院,3
333,332,2号线,往浦东1号2号航站楼,2
332,333,2号线,往蟠祥路·国家会计学院,2
332,273,2号线,往浦东1号2号航站楼,2
273,332,2号线,往蟠祥路·国家会计学院,3
273,85,2号线,往浦东1号2号航站楼,2
85,273,2号线,往蟠祥路·国家会计学院,2
85,149,2号线,往浦东1号2号航站楼,2
149,85,2号线,往蟠祥路·国家会计学院,2
149,150,2号线,往浦东1号2号航站楼,3
150,149,2号线,往蟠祥路·国家会计学院,2
150,48,2号线,往浦东1号2号航站楼,2
48,150,2号线,往蟠祥路·国家会计学院,3
48,253,2号线,往浦东1号2号航站楼,3
253,48,2号线,往蟠祥路·国家会计学院,2
253,392,2号线,往浦东1号2号航站楼,2
392,253,2号线,往蟠祥路·国家会计学院,3
392,96,2号线,往浦东1号2号航站楼,2
96,392,2号线,往蟠祥路·国家会计学院,2
96,71,2号线,往浦东1号2号航站楼,3
71,96,2号线,往蟠祥路·国家会计学院,2
71,95,2号线,往浦东1号2号航站楼,3
95,71,2号线,往蟠祥路·国家会计学院,3
95,384,2号线,往浦东1号2号航站楼,2
384,95,2号线,往蟠祥路·国家会计学院,2
384,262,2号线,往浦东1号2号航站楼,2
262,384,2号线,往蟠祥路·国家会计学院,2
262,34,2号线,往浦东1号2号航站楼,3
34,262,2号线,往蟠祥路·国家会计学院,3
34,24,2号线,往浦东1号2号航站楼,3
24,34,2号线,往蟠祥路·国家会计学院,3
24,33,2号线,往浦东1号2号航站楼,2
33,24,2号线,往蟠祥路·国家会计学院,3
33,416,2号线,往浦东1号2号航站楼,3
416,33,2号线,往蟠祥路·国家会计学院,2
416,181,2号线,往浦东1号2号航站楼,3
181,416,2号线,往蟠祥路·国家会计学院,2
181,367,2号线,往浦东1号2号航站楼,3
367,181,2号线,往蟠祥路·国家会计学院,2
367,170,2号线,往浦东1号2号航站楼,2
170,367,2号线,往蟠祥路·国家会计学院,3
170,116,2号线,往浦东1号2号航站楼,3
116,170,2号线,往蟠祥路·国家会计学院,2
116,82,2号线,往浦东1号2号航站楼,3
82,116,2号线,往蟠祥路·国家会计学院,3
82,90,2号线,往浦东1号2号航站楼,2
90,82,2号线,往蟠祥路·国家会计学院,2
90,165,2号线,往浦东1号2号航站楼,3
165,90,2号线,往蟠祥路·国家会计学院,3
165,80,2号线,往浦东1号2号航站楼,3
80,165,2号线,往蟠祥路·国家会计学院,3
80,351,2号线,往浦东1号2号航站楼,3
351,80,2号线,往蟠祥路·国家会计学院,3
351,269,2号线,往浦东1号2号航站楼,3
269,351,2号线,往蟠祥路·国家会计学院,2
269,261,2号线,往浦东1号2号航站楼,3
261,269,2号线,往蟠祥路·国家会计学院,3
16,294,3号线,往江杨北路,3
294,16,3号线,往上海南站,2
294,414,3号线,往江杨北路,2
414,294,3号线,往上海南站,3
414,281,3号线,往江杨北路,2
281,414,3号线,往上海南站,3
281,157,3号线,往江杨北路,2
157,281,3号线,往上海南站,3
157,334,3号线,往江杨北路,3
334,157,3号线,往上海南站,3
334,177,3号线,往江杨北路,2
177,334,3号线,往上海南站,2
177,48,3号线,往江杨北路,3
48,177,3号线,往上海南站,2
48,364,3号线,往江杨北路,2
364,48,3号线,往上海南站,3
364,209,3号线,往江杨北路,2
209,364,3号线,往上海南站,3
209,376,3号线,往江杨北路,3
376,209,3号线,往上海南站,3
376,51,3号线,往江杨北路,2
51,376,3号线,往上海南站,2
51,23,3号线,往江杨北路,2
23,51,3号线,往上海南站,2
23,159,3号线,往江杨北路,2
159,23,3号线,往上海南站,2
159,38,3号线,往江杨北路,3
38,159,3号线,往上海南站,3
38,330,3号线,往江杨北路,2
330,38,3号线,往上海南站,3
330,348,3号线,往江杨北路,2
348,330,3号线,往上海南站,3
348,142,3号线,往江杨北路,2
142,348,3号线,往上海南站,3
142,252,3号线,往江杨北路,2
252,142,3号线,往上海南站,3
252,235,3号线,往江杨北路,2
235,252,3号线,往上海南站,3
235,378,3号线,往江杨北路,2
378,235,3号线,往上海南站,2
378,271,3号线,往江杨北路,2
271,378,3号线,往上海南站,3
271,179,3号线,往江杨北路,2
179,271,3号线,往上海南站,3
179,272,3号线,往江杨北路,2
272,179,3号线,往上海南站,3
272,239,3号线,往江杨北路,2
239,272,3号线,往上海南站,3
239,160,3号线,往江杨北路,3
160,239,3号线,往上海南站,2
160,103,3号线,往江杨北路,3
103,160,3号线,往上海南站,2
103,370,3号线,往江杨北路,3
370,103,3号线,往上海南站,2
370,248,3号线,往江杨北路,2
248,370,3号线,往上海南站,3
13,157,4号线,内圈,3
157,13,4号线,外圈,3
157,334,4号线,内圈,2
334,157,4号线,外圈,2
334,177,4号线,内圈,3
177,334,4号线,外圈,3
177,48,4号线,内圈,2
48,177,4号线,外圈,2
48,364,4号线,内圈,2
364,48,4号线,外圈,3
364,209,4号线,内圈,3
209,364,4号线,外圈,2
209,376,4号线,内圈,3
376,209,4号线,外圈,3
376,51,4号线,内圈,2
51,376,4号线,外圈,3
51,23,4号线,内圈,2
23,51,4号线,外圈,2
23,159,4号线,内圈,3
159,23,4号线,外圈,2
159,268,4号线,内圈,3
268,159,4号线,外圈,2
268,55,4号线,内圈,3
55,268,4号线,外圈,3
55,144,4号线,内圈,3
144,55,4号线,外圈,3
144,216,4号线,内圈,3
216,144,4号线,外圈,3
216,263,4号线,内圈,2
263,216,4号线,外圈,2
263,34,4号线,内圈,2
34,263,4号线,外圈,2
34,111,4号线,内圈,3
111,34,4号线,外圈,2
111,329,4号线,内圈,2
329,111,4号线,外圈,2
329,132,4号线,内圈,3
132,329,4号线,外圈,2
132,98,4号线,内圈,3
98,132,4号线,外圈,2
98,346,4号线,内圈,3
346,98,4号线,外圈,3
346,404,4号线,内圈,2
404,346,4号线,外圈,3
404,141,4号线,内圈,2
141,404,4号线,外圈,2
141,37,4号线,内圈,2
37,141,4号线,外圈,3
37,12,4号线,内圈,3
12,37,4号线,外圈,3
324,203,5号线,往奉贤新城,3
203,324,5号线,往莘庄,3
203,372,5号线,往奉贤新城,3
372,203,5号线,往莘庄,2
372,397,5号线,往奉贤新城,3
397,372,5号线,往莘庄,2
397,86,5号线,往奉贤新城,3
86,397,5号线,往莘庄,2
86,83,5号线,往奉贤新城,2
83,86,5号线,往莘庄,2
83,39,5号线,往奉贤新城,3
39,83,5号线,往莘庄,2
39,360,5号线,往奉贤新城,2
360,39,5号线,往莘庄,3
360,93,5号线,往奉贤新城,2
93,360,5号线,往莘庄,3
93,194,5号线,往奉贤新城,3
194,93,5号线,往莘庄,2
194,383,5号线,往奉贤新城,2
383,194,5号线,往莘庄,2
383,246,5号线,往奉贤新城,2
246,383,5号线,往莘庄,2
246,344,5号线,往奉贤新城,3
344,246,5号线,往莘庄,2
344,327,5号线,往奉贤新城,3
327,344,5号线,往莘庄,2
327,146,5号线,往奉贤新城,2
146,327,5号线,往莘庄,2
146,287,5号线,往奉贤新城,2
287,146,5号线,往莘庄,3
287,211,5号线,往奉贤新城,3
211,287,5号线,往莘庄,2
211,365,5号线,往奉贤新城,2
365,211,5号线,往莘庄,3
365,147,5号线,往奉贤新城,2
147,365,5号线,往莘庄,3
40,284,6号线,往港城路,2
284,40,6号线,往东方体育中心,2
284,10,6号线,往港城路,2
10,284,6号线,往东方体育中心,2
10,92,6号线,往港城路,3
92,10,6号线,往东方体育中心,2
92,403,6号线,往港城路,3
403,92,6号线,往东方体育中心,2
403,42,6号线,往港城路,2
42,403,6号线,往东方体育中心,3
42,402,6号线,往港城路,2
402,42,6号线,往东方体育中心,2
402,56,6号线,往港城路,3
56,402,6号线,往东方体育中心,2
56,14,6号线,往港城路,3
14,56,6号线,往东方体育中心,2
14,329,6号线,往港城路,3
329,14,6号线,往东方体育中心,3
329,266,6号线,往港城路,2
266,329,6号线,往东方体育中心,2
266,34,6号线,往港城路,2
34,266,6号线,往东方体育中心,3
34,276,6号线,往港城路,3
276,34,6号线,往东方体育中心,2
276,237,6号线,往港城路,2
237,276,6号线,往东方体育中心,3
237,87,6号线,往港城路,2
87,237,6号线,往东方体育中心,2
87,187,6号线,往港城路,2
187,87,6号线,往东方体育中心,3
187,64,6号线,往港城路,2
64,187,6号线,往东方体育中心,3
64,362,6号线,往港城路,2
362,64,6号线,往东方体育中心,3
362,101,6号线,往港城路,2
101,362,6号线,往东方体育中心,3
101,68,6号线,往港城路,3
68,101,6号线,往东方体育中心,3
68,166,6号线,往港城路,3
166,68,6号线,往东方体育中心,3
166,44,6号线,往港城路,2
44,166,6号线,往东方体育中心,2
44,67,6号线,往港城路,2
67,44,6号线,往东方体育中心,3
67,259,6号线,往港城路,2
259,67,6号线,往东方体育中心,3
259,137,6号线,往港城路,2
137,259,6号线,往东方体育中心,2
137,317,6号线,往港城路,2
317,137,6号线,往东方体育中心,3
317,136,6号线,往港城路,3
136,317,6号线,往东方体育中心,2
136,275,6号线,往港城路,2
275,136,6号线,往东方体育中心,3
307,304,7号线,往花木路,2
304,307,7号线,往美兰湖,3
304,283,7号线,往花木路,2
283,304,7号线,往美兰湖,3
283,81,7号线,往花木路,3
81,283,7号线,往美兰湖,3
81,396,7号线,往花木路,2
396,81,7号线,往美兰湖,2
396,295,7号线,往花木路,2
295,396,7号线,往美兰湖,2
295,19,7号线,往花木路,2
19,295,7号线,往美兰湖,2
19,100,7号线,往花木路,2
100,19,7号线,往美兰湖,2
100,11,7号线,往花木路,3
11,100,7号线,往美兰湖,3
11,130,7号线,往花木路,2
130,11,7号线,往美兰湖,2
130,140,7号线,往花木路,3
140,130,7号线,往美兰湖,3
140,341,7号线,往花木路,3
341,140,7号线,往美兰湖,2
341,139,7号线,往花木路,3
139,341,7号线,往美兰湖,3
139,196,7号线,往花木路,2
196,139,7号线,往美兰湖,3
196,164,7号线,往花木路,3
164,196,7号线,往美兰湖,2
164,376,7号线,往花木路,2
376,164,7号线,往美兰湖,3
376,377,7号线,往花木路,2
377,376,7号线,往美兰湖,2
377,200,7号线,往花木路,3
200,377,7号线,往美兰湖,3
200,392,7号线,往花木路,3
392,200,7号线,往美兰湖,2
392,168,7号线,往花木路,3
168,392,7号线,往美兰湖,2
168,312,7号线,往花木路,2
312,168,7号线,往美兰湖,2
312,37,7号线,往花木路,2
37,312,7号线,往美兰湖,2
37,411,7号线,往花木路,3
411,37,7号线,往美兰湖,2
411,110,7号线,往花木路,2
110,411,7号线,往美兰湖,2
110,380,7号线,往花木路,2
380,110,7号线,往美兰湖,3
380,309,7号线,往花木路,2
309,380,7号线,往美兰湖,3
309,63,7号线,往花木路,2
63,309,7号线,往美兰湖,3
63,402,7号线,往花木路,2
402,63,7号线,往美兰湖,3
402,219,7号线,往花木路,3
219,402,7号线,往美兰湖,3
219,375,7号线,往花木路,3
375,219,7号线,往美兰湖,2
375,321,7号线,往花木路,2
321,375,7号线,往美兰湖,3
321,416,7号线,往花木路,3
416,321,7号线,往美兰湖,2
416,319,7号线,往花木路,2
319,416,7号线,往美兰湖,2
255,311,8号线,往市光路,2
311,255,8号线,往沈杜公路,2
311,247,8号线,往市光路,2
247,311,8号线,往沈杜公路,2
247,265,8号线,往市光路,3
265,247,8号线,往沈杜公路,3
265,318,8号线,往市光路,3
318,265,8号线,往沈杜公路,3
318,79,8号线,往市光路,3
79,318,8号线,往沈杜公路,2
79,40,8号线,往市光路,3
40,79,8号线,往沈杜公路,2
40,215,8号线,往市光路,2
215,40,8号线,往沈杜公路,2
215,190,8号线,往市光路,3
190,215,8号线,往沈杜公路,2
190,309,8号线,往市光路,3
309,190,8号线,往沈杜公路,3
309,46,8号线,往市光路,2
46,309,8号线,往沈杜公路,2
46,346,8号线,往市光路,3
346,46,8号线,往沈杜公路,2
346,385,8号线,往市光路,2
385,346,8号线,往沈杜公路,2
385,310,8号线,往市光路,3
310,385,8号线,往沈杜公路,3
310,138,8号线,往市光路,2
138,310,8号线,往沈杜公路,3
138,71,8号线,往市光路,2
71,138,8号线,往沈杜公路,3
71,207,8号线,往市光路,2
207,71,8号线,往沈杜公路,2
207,45,8号线,往市光路,3
45,207,8号线,往沈杜公路,2
45,345,8号线,往市光路,3
345,45,8号线,往沈杜公路,3
345,330,8号线,往市光路,2
330,345,8号线,往沈杜公路,3
330,208,8号线,往市光路,3
208,330,8号线,往沈杜公路,3
208,125,8号线,往市光路,2
125,208,8号线,往沈杜公路,2
125,393,8号线,往市光路,3
393,125,8号线,往沈杜公路,2
393,250,8号线,往市光路,3
250,393,8号线,往沈杜公路,3
250,408,8号线,往市光路,2
408,250,8号线,往沈杜公路,3
408,176,8号线,往市光路,2
176,408,8号线,往沈杜公路,2
176,407,8号线,往市光路,2
407,176,8号线,往沈杜公路,2
407,308,8号线,往市光路,3
308,407,8号线,往沈杜公路,3
308,151,8号线,往市光路,3
151,308,8号线,往沈杜公路,2
151,167,8号线,往市光路,2
167,151,8号线,往沈杜公路,3
20,356,9号线,往曹路,3
356,20,9号线,往上海松江站,3
356,220,9号线,往曹路,3
220,356,9号线,往上海松江站,3
220,222,9号线,往曹路,3
222,220,9号线,往上海松江站,3
222,221,9号线,往曹路,2
221,222,9号线,往上海松江站,3
221,258,9号线,往曹路,3
258,221,9号线,往上海松江站,3
258,73,9号线,往曹路,3
73,258,9号线,往上海松江站,2
73,257,9号线,往曹路,2
257,73,9号线,往上海松江站,3
257,61,9号线,往曹路,3
61,257,9号线,往上海松江站,2
61,50,9号线,往曹路,3
50,61,9号线,往上海松江站,3
50,3,9号线,往曹路,3
3,50,9号线,往上海松江站,3
3,202,9号线,往曹路,3
202,3,9号线,往上海松江站,2
202,108,9号线,往曹路,3
108,202,9号线,往上海松江站,3
108,280,9号线,往曹路,2
280,108,9号线,往上海松江站,3
280,225,9号线,往曹路,2
225,280,9号线,往上海松江站,3
225,157,9号线,往曹路,2
157,225,9号线,往上海松江站,2
157,183,9号线,往曹路,3
183,157,9号线,往上海松江站,3
183,312,9号线,往曹路,3
312,183,9号线,往上海松江站,3
312,118,9号线,往曹路,3
118,312,9号线,往上海松江站,2
118,191,9号线,往曹路,2
191,118,9号线,往上海松江站,3
191,398,9号线,往曹路,2
398,191,9号线,往上海松江站,3
398,385,9号线,往曹路,2
385,398,9号线,往上海松江站,2
385,163,9号线,往曹路,3
163,385,9号线,往上海松江站,2
163,117,9号线,往曹路,2
117,163,9号线,往上海松江站,3
117,34,9号线,往曹路,3
34,117,9号线,往上海松江站,3
34,217,9号线,往曹路,3
217,34,9号线,往上海松江站,2
217,322,9号线,往曹路,3
322,217,9号线,往上海松江站,3
322,328,9号线,往曹路,3
328,322,9号线,往上海松江站,2
328,107,9号线,往曹路,3
107,328,9号线,往上海松江站,2
107,361,9号线,往曹路,2
361,107,9号线,往上海松江站,3
361,359,9号线,往曹路,3
359,361,9号线,往上海松江站,2
359,366,9号线,往曹路,3
366,359,9号线,往上海松江站,3
366,394,9号线,往曹路,2
394,366,9号线,往上海松江站,3
394,238,9号线,往曹路,2
238,394,9号线,往上海松江站,3
238,210,9号线,往曹路,2
210,238,9号线,往上海松江站,2
314,301,10号线,往基隆路,3
301,314,10号线,往航中路,3
301,412,10号线,往基隆路,2
412,301,10号线,往航中路,3
412,333,10号线,往基隆路,3
333,412,10号线,往航中路,3
333,332,10号线,往基隆路,3
332,333,10号线,往航中路,2
332,331,10号线,往基隆路,3
331,332,10号线,往航中路,2
331,15,10号线,往基隆路,3
15,331,10号线,往航中路,2
15,413,10号线,往基隆路,2
413,15,10号线,往航中路,2
413,240,10号线,往基隆路,3
240,413,10号线,往航中路,3
240,72,10号线,往基隆路,2
72,240,10号线,往航中路,2
72,155,10号线,往基隆路,3
155,72,10号线,往航中路,2
155,334,10号线,往基隆路,3
334,155,10号线,往航中路,2
334,70,10号线,往基隆路,2
70,334,10号线,往航中路,2
70,18,10号线,往基隆路,3
18,70,10号线,往航中路,2
18,388,10号线,往基隆路,3
388,18,10号线,往航中路,3
388,1,10号线,往基隆路,2
1,388,10号线,往航中路,3
1,310,10号线,往基隆路,2
310,1,10号线,往航中路,2
310,347,10号线,往基隆路,2
347,310,10号线,往航中路,2
347,95,10号线,往基隆路,3
95,347,10号线,往航中路,2
95,145,10号线,往基隆路,3
145,95,10号线,往航中路,3
145,124,10号线,往基隆路,3
124,145,10号线,往航中路,2
124,268,10号线,往基隆路,2
268,124,10号线,往航中路,3
268,355,10号线,往基隆路,3
355,268,10号线,往航中路,2
355,125,10号线,往基隆路,3
125,355,10号线,往航中路,3
125,109,10号线,往基隆路,2
109,125,10号线,往航中路,2
109,128,10号线,往基隆路,3
128,109,10号线,往航中路,2
128,69,10号线,往基隆路,2
69,128,10号线,往航中路,2
69,251,10号线,往基隆路,3
251,69,10号线,往航中路,2
251,8,10号线,往基隆路,3
8,251,10号线,往航中路,3
8,234,10号线,往基隆路,3
234,8,10号线,往航中路,3
234,197,10号线,往基隆路,3
197,234,10号线,往航中路,3
197,127,10号线,往基隆路,3
127,197,10号线,往航中路,2
127,105,10号线,往基隆路,3
105,127,10号线,往航中路,3
105,401,10号线,往基隆路,3
401,105,10号线,往航中路,2
401,400,10号线,往基隆路,2
400,401,10号线,往航中路,3
400,275,10号线,往基隆路,2
275,400,10号线,往航中路,3
275,131,10号线,往基隆路,2
131,275,10号线,往航中路,3
320,76,11号线,往迪士尼,2
76,320,11号线,往花桥,2
76,75,11号线,往迪士尼,3
75,76,11号线,往花桥,3
75,154,11号线,往迪士尼,3
154,75,11号线,往花桥,3
154,21,11号线,往迪士尼,3
21,154,11号线,往花桥,2
21,199,11号线,往迪士尼,2
199,21,11号线,往花桥,3
199,27,11号线,往迪士尼,2
27,199,11号线,往花桥,3
27,119,11号线,往迪士尼,3
119,27,11号线,往花桥,2
119,121,11号线,往迪士尼,3
121,119,11号线,往花桥,3
121,289,11号线,往迪士尼,2
289,121,11号线,往花桥,3
289,120,11号线,往迪士尼,2
120,289,11号线,往花桥,2
120,399,11号线,往迪士尼,3
399,120,11号线,往花桥,2
399,387,11号线,往迪士尼,3
387,399,11号线,往花桥,3
387,99,11号线,往迪士尼,3
99,387,11号线,往花桥,3
99,227,11号线,往迪士尼,3
227,99,11号线,往花桥,2
227,231,11号线,往迪士尼,2
231,227,11号线,往花桥,3
231,298,11号线,往迪士尼,2
298,231,11号线,往花桥,3
298,214,11号线,往迪士尼,2
214,298,11号线,往花桥,3
214,25,11号线,往迪士尼,3
25,214,11号线,往花桥,3
25,292,11号线,往迪士尼,3
292,25,11号线,往花桥,2
292,223,11号线,往迪士尼,3
223,292,11号线,往花桥,3
223,209,11号线,往迪士尼,3
209,223,11号线,往花桥,2
209,389,11号线,往迪士尼,3
389,209,11号线,往花桥,2
389,253,11号线,往迪士尼,3
253,389,11号线,往花桥,3
253,70,11号线,往迪士尼,2
70,253,11号线,往花桥,2
70,183,11号线,往迪士尼,2
183,70,11号线,往花桥,2
183,22,11号线,往迪士尼,2
22,183,11号线,往花桥,3
22,410,11号线,往迪士尼,3
410,22,11号线,往花桥,2
410,65,11号线,往迪士尼,3
65,410,11号线,往花桥,3
65,415,11号线,往迪士尼,2
415,65,11号线,往花桥,3
415,40,11号线,往迪士尼,2
40,415,11号线,往花桥,3
40,5,11号线,往迪士尼,2
5,40,11号线,往花桥,3
5,6,11号线,往迪士尼,2
6,5,11号线,往花桥,2
6,260,11号线,往迪士尼,2
260,6,11号线,往花桥,3
260,171,11号线,往迪士尼,2
171,260,11号线,往花桥,3
171,186,11号线,往迪士尼,3
186,171,11号线,往花桥,2
186,305,11号线,往迪士尼,3
305,186,11号线,往花桥,3
305,299,11号线,往迪士尼,3
299,305,11号线,往花桥,2
299,173,11号线,往迪士尼,2
173,299,11号线,往花桥,2
173,352,11号线,往迪士尼,2
352,173,11号线,往花桥,2
4,338,12号线,往金海路,2
338,4,12号线,往七莘路,3
338,395,12号线,往金海路,3
395,338,12号线,往七莘路,3
395,35,12号线,往金海路,2
35,395,12号线,往七莘路,2
35,336,12号线,往金海路,2
336,35,12号线,往七莘路,2
336,337,12号线,往金海路,2
337,336,12号线,往七莘路,3
337,224,12号线,往金海路,3
224,337,12号线,往七莘路,3
224,279,12号线,往金海路,2
279,224,12号线,往七莘路,2
279,414,12号线,往金海路,3
414,279,12号线,往七莘路,3
414,410,12号线,往金海路,2
410,414,12号线,往七莘路,3
410,411,12号线,往金海路,2
411,410,12号线,往七莘路,3
411,141,12号线,往金海路,2
141,411,12号线,往七莘路,2
141,118,12号线,往金海路,2
118,141,12号线,往七莘路,3
118,388,12号线,往金海路,2
388,118,12号线,往七莘路,3
388,96,12号线,往金海路,2
96,388,12号线,往七莘路,2
96,244,12号线,往金海路,2
244,96,12号线,往七莘路,3
244,207,12号线,往金海路,3
207,244,12号线,往七莘路,2
207,145,12号线,往金海路,2
145,207,12号线,往七莘路,2
145,129,12号线,往金海路,2
129,145,12号线,往七莘路,3
129,193,12号线,往金海路,2
193,129,12号线,往七莘路,3
193,144,12号线,往金海路,3
144,193,12号线,往七莘路,3
144,249,12号线,往金海路,2
249,144,12号线,往七莘路,3
249,153,12号线,往金海路,3
153,249,12号线,往七莘路,2
153,390,12号线,往金海路,3
390,153,12号线,往七莘路,2
390,285,12号线,往金海路,2
285,390,12号线,往七莘路,2
285,133,12号线,往金海路,3
133,285,12号线,往七莘路,3
133,43,12号线,往金海路,2
43,133,12号线,往七莘路,3
43,166,12号线,往金海路,2
166,43,12号线,往七莘路,2
166,218,12号线,往金海路,3
218,166,12号线,往七莘路,2
218,358,12号线,往金海路,3
358,218,12号线,往七莘路,2
358,288,12号线,往金海路,3
288,358,12号线,往七莘路,3
288,366,12号线,往金海路,3
366,288,12号线,往七莘路,3
369,363,13号线,往张江路,3
363,369,13号线,往金运路,3
363,53,13号线,往张江路,2
53,363,13号线,往金运路,3
53,297,13号线,往张江路,3
297,53,13号线,往金运路,3
297,291,13号线,往张江路,3
291,297,13号线,往金运路,2
291,143,13号线,往张江路,3
143,291,13号线,往金运路,3
143,364,13号线,往张江路,2
364,143,13号线,往金运路,2
364,389,13号线,往张江路,3
389,364,13号线,往金运路,3
389,232,13号线,往张江路,2
232,389,13号线,往金运路,2
232,377,13号线,往张江路,3
377,232,13号线,往金运路,2
377,245,13号线,往张江路,2
245,377,13号线,往金运路,2
245,244,13号线,往张江路,3
244,245,13号线,往金运路,2
244,313,13号线,往张江路,2
313,244,13号线,往金运路,2
313,96,13号线,往张江路,3
96,313,13号线,往金运路,2
96,274,13号线,往张江路,2
274,96,13号线,往金运路,2
274,1,13号线,往张江路,2
1,274,13号线,往金运路,2
1,398,13号线,往张江路,3
398,1,13号线,往金运路,2
398,31,13号线,往张江路,3
31,398,13号线,往金运路,3
31,32,13号线,往张江路,2
32,31,13号线,往金运路,2
32,380,13号线,往张江路,2
380,32,13号线,往金运路,3
380,190,13号线,往张江路,3
190,380,13号线,往金运路,2
190,42,13号线,往张江路,3
42,190,13号线,往金运路,3
42,94,13号线,往张江路,3
94,42,13号线,往金运路,2
94,29,13号线,往张江路,3
29,94,13号线,往金运路,2
29,88,13号线,往张江路,3
88,29,13号线,往金运路,3
88,386,13号线,往张江路,3
386,88,13号线,往金运路,2
386,325,13号线,往张江路,2
325,386,13号线,往金运路,2
325,91,13号线,往张江路,3
91,325,13号线,往金运路,3
91,52,13号线,往张江路,3
52,91,13号线,往金运路,2
52,152,13号线,往张江路,2
152,52,13号线,往金运路,3
152,180,13号线,往张江路,2
180,152,13号线,往金运路,3
162,60,14号线,往桂桥路,3
60,162,14号线,往封浜,3
60,57,14号线,往桂桥路,3
57,60,14号线,往封浜,2
57,122,14号线,往桂桥路,3
122,57,14号线,往封浜,3
122,156,14号线,往桂桥路,3
156,122,14号线,往封浜,3
156,293,14号线,往桂桥路,3
293,156,14号线,往封浜,2
293,290,14号线,往桂桥路,2
290,293,14号线,往封浜,2
290,371,14号线,往桂桥路,3
371,290,14号线,往封浜,2
371,292,14号线,往桂桥路,2
292,371,14号线,往封浜,2
292,47,14号线,往桂桥路,2
47,292,14号线,往封浜,2
47,209,14号线,往桂桥路,2
209,47,14号线,往封浜,2
209,232,14号线,往桂桥路,3
232,209,14号线,往封浜,2
232,233,14号线,往桂桥路,2
233,232,14号线,往封浜,2
233,392,14号线,往桂桥路,3
392,233,14号线,往封浜,3
392,2,14号线,往桂桥路,3
2,392,14号线,往封浜,3
2,138,14号线,往桂桥路,2
138,2,14号线,往封浜,2
138,347,14号线,往桂桥路,3
347,138,14号线,往封浜,2
347,384,14号线,往桂桥路,2
384,347,14号线,往封浜,2
384,262,14号线,往桂桥路,2
262,384,14号线,往封浜,3
262,263,14号线,往桂桥路,2
263,262,14号线,往封浜,3
263,277,14号线,往桂桥路,3
277,263,14号线,往封浜,2
277,201,14号线,往桂桥路,2
201,277,14号线,往封浜,3
201,229,14号线,往桂桥路,2
229,201,14号线,往封浜,3
229,64,14号线,往桂桥路,2
64,229,14号线,往封浜,2
64,328,14号线,往桂桥路,3
328,64,14号线,往封浜,2
328,409,14号线,往桂桥路,3
409,328,14号线,往封浜,2
409,66,14号线,往桂桥路,2
66,409,14号线,往封浜,3
66,264,14号线,往桂桥路,3
264,66,14号线,往封浜,3
264,368,14号线,往桂桥路,2
368,264,14号线,往封浜,3
368,226,14号线,往桂桥路,3
226,368,14号线,往封浜,2
300,241,15号线,往顾村公园,3
241,300,15号线,往紫竹高新区,2
241,74,15号线,往顾村公园,2
74,241,15号线,往紫竹高新区,3
74,104,15号线,往顾村公园,2
104,74,15号线,往紫竹高新区,2
104,206,15号线,往顾村公园,3
206,104,15号线,往紫竹高新区,3
206,205,15号线,往顾村公园,2
205,206,15号线,往紫竹高新区,2
205,335,15号线,往顾村公园,3
335,205,15号线,往紫竹高新区,3
335,204,15号线,往顾村公园,3
204,335,15号线,往紫竹高新区,3
204,213,15号线,往顾村公园,2
213,204,15号线,往紫竹高新区,2
213,306,15号线,往顾村公园,2
306,213,15号线,往紫竹高新区,2
306,89,15号线,往顾村公园,3
89,306,15号线,往紫竹高新区,3
89,16,15号线,往顾村公园,3
16,89,15号线,往紫竹高新区,3
16,224,15号线,往顾村公园,2
224,16,15号线,往紫竹高新区,3
224,225,15号线,往顾村公园,2
225,224,15号线,往紫竹高新区,2
225,112,15号线,往顾村公园,2
112,225,15号线,往紫竹高新区,2
112,148,15号线,往顾村公园,3
148,112,15号线,往紫竹高新区,2
148,303,15号线,往顾村公园,2
303,148,15号线,往紫竹高新区,2
303,150,15号线,往顾村公园,2
150,303,15号线,往紫竹高新区,2
150,381,15号线,往顾村公园,3
381,150,15号线,往紫竹高新区,2
381,143,15号线,往顾村公园,2
143,381,15号线,往紫竹高新区,3
143,228,15号线,往顾村公园,3
228,143,15号线,往紫竹高新区,3
228,371,15号线,往顾村公园,3
371,228,15号线,往紫竹高新区,2
371,25,15号线,往顾村公园,3
25,371,15号线,往紫竹高新区,3
25,230,15号线,往顾村公园,3
230,25,15号线,往紫竹高新区,2
230,106,15号线,往顾村公园,3
106,230,15号线,往紫竹高新区,2
106,296,15号线,往顾村公园,3
296,106,15号线,往紫竹高新区,3
296,97,15号线,往顾村公园,3
97,296,15号线,往紫竹高新区,2
97,54,15号线,往顾村公园,2
54,97,15号线,往紫竹高新区,3
54,374,15号线,往顾村公园,3
374,54,15号线,往紫竹高新区,2
374,396,15号线,往顾村公园,2
396,374,15号线,往紫竹高新区,2
416,91,16号线,往滴水湖,3
91,416,16号线,往龙阳路,3
91,305,16号线,往滴水湖,2
305,91,16号线,往龙阳路,3
305,114,16号线,往滴水湖,2
114,305,16号线,往龙阳路,2
114,405,16号线,往滴水湖,3
405,114,16号线,往龙阳路,2
405,316,16号线,往滴水湖,3
316,405,16号线,往龙阳路,3
316,195,16号线,往滴水湖,2
195,316,16号线,往龙阳路,3
195,357,16号线,往滴水湖,3
357,195,16号线,往龙阳路,2
357,188,16号线,往滴水湖,2
188,357,16号线,往龙阳路,2
188,189,16号线,往滴水湖,3
189,188,16号线,往龙阳路,2
189,62,16号线,往滴水湖,3
62,189,16号线,往龙阳路,3
62,58,16号线,往滴水湖,3
58,62,16号线,往龙阳路,3
58,278,16号线,往滴水湖,2
278,58,16号线,往龙阳路,2
333,126,17号线,往西岑,3
126,333,17号线,往虹桥火车站,2
126,340,17号线,往西岑,2
340,126,17号线,往虹桥火车站,3
340,185,17号线,往西岑,3
185,340,17号线,往虹桥火车站,2
185,184,17号线,往西岑,2
184,185,17号线,往虹桥火车站,3
184,123,17号线,往西岑,2
123,184,17号线,往虹桥火车站,2
123,349,17号线,往西岑,2
349,123,17号线,往虹桥火车站,2
349,243,17号线,往西岑,3
243,349,17号线,往虹桥火车站,2
243,391,17号线,往西岑,2
391,243,17号线,往虹桥火车站,2
391,282,17号线,往西岑,3
282,391,17号线,往虹桥火车站,3
282,270,17号线,往西岑,2
270,282,17号线,往虹桥火车站,3
270,212,17号线,往西岑,3
212,270,17号线,往虹桥火车站,2
212,41,17号线,往西岑,2
41,212,17号线,往虹桥火车站,2
41,343,17号线,往西岑,2
343,41,17号线,往虹桥火车站,3
315,30,18号线,往康文路,2
30,315,18号线,往航头,2
30,406,18号线,往康文路,2
406,30,18号线,往航头,2
406,256,18号线,往康文路,2
256,406,18号线,往航头,2
256,302,18号线,往康文路,2
302,256,18号线,往航头,2
302,113,18号线,往康文路,3
113,302,18号线,往航头,3
113,174,18号线,往康文路,2
174,113,18号线,往航头,2
174,186,18号线,往康文路,3
186,174,18号线,往航头,3
186,325,18号线,往康文路,2
325,186,18号线,往航头,3
325,84,18号线,往康文路,3
84,325,18号线,往航头,3
84,323,18号线,往康文路,3
323,84,18号线,往航头,2
323,416,18号线,往康文路,2
416,323,18号线,往航头,3
416,350,18号线,往康文路,2
350,416,18号线,往航头,3
350,217,18号线,往康文路,2
217,350,18号线,往航头,2
217,237,18号线,往康文路,3
237,217,18号线,往航头,2
237,201,18号线,往康文路,2
201,237,18号线,往航头,3
201,59,18号线,往康文路,3
59,201,18号线,往航头,3
59,169,18号线,往康文路,2
169,59,18号线,往航头,2
169,249,18号线,往康文路,2
249,169,18号线,往航头,2
249,250,18号线,往康文路,3
250,249,18号线,往航头,2
250,192,18号线,往康文路,2
192,250,18号线,往航头,3
192,128,18号线,往康文路,3
128,192,18号线,往航头,3
128,134,18号线,往康文路,3
134,128,18号线,往航头,2
134,26,18号线,往康文路,3
26,134,18号线,往航头,2
26,236,18号线,往康文路,3
236,26,18号线,往航头,2
236,378,18号线,往康文路,3
378,236,18号线,往航头,3
378,353,18号线,往康文路,3
353,378,18号线,往航头,2
353,379,18号线,往康文路,3
379,353,18号线,往航头,3
379,286,18号线,往康文路,3
286,379,18号线,往航头,3
286,115,18号线,往康文路,3
115,286,18号线,往航头,2
115,172,18号线,往康文路,3
172,115,18号线,往航头,3
255,9,41号线,往汇臻路,3
9,255,41号线,往沈杜公路,2
9,382,41号线,往汇臻路,2
382,9,41号线,往沈杜公路,2
382,267,41号线,往汇臻路,3
267,382,41号线,往沈杜公路,2
267,36,41号线,往汇臻路,3
36,267,41号线,往沈杜公路,2
36,242,41号线,往汇臻路,2
242,36,41号线,往沈杜公路,3
332,50,51号线,往浦东1号2号航站楼,3
50,332,51号线,往虹桥2号航站楼,2
50,204,51号线,往浦东1号2号航站楼,3
204,50,51号线,往虹桥2号航站楼,2
204,7,51号线,往浦东1号2号航站楼,3
7,204,51号线,往虹桥2号航站楼,3
7,175,51号线,往浦东1号2号航站楼,2
175,7,51号线,往虹桥2号航站楼,2
175,17,51号线,往浦东1号2号航站楼,3
17,175,51号线,往虹桥2号航站楼,2
17,261,51号线,往浦东1号2号航站楼,2
261,17,51号线,往虹桥2号航站楼,3
